{
  "threshold": 0.027534623324871034,
  "score_count": 427590,
  "ground_truth_anomaly_ratio": 0.1279169297691714,
  "score_min": 0.009453,
  "score_max": 0.029346,
  "score_mean": 0.011111131163030004,
  "score_std": 0.002247797540760939,
  "raw_accuracy": 0.8658644963633387,
  "raw_precision": 0.14385212965443342,
  "raw_recall": 0.009817902588854762,
  "raw_f1": 0.018381283266870902,
  "raw_mcc": 0.004477482418005723,
  "raw_tn": 369698,
  "raw_fp": 3196,
  "raw_fn": 54159,
  "raw_tp": 537,
  "raw_predicted_anomaly_ratio": 0.008730325779368086,
  "pa_accuracy": 0.9910217731939475,
  "pa_precision": 0.9441736973571591,
  "pa_recall": 0.9882441129150212,
  "pa_f1": 0.9657063736656394,
  "pa_mcc": 0.9608750324931425,
  "pa_tn": 369698,
  "pa_fp": 3196,
  "pa_fn": 643,
  "pa_tp": 54053,
  "pa_predicted_anomaly_ratio": 0.13388760260997684,
  "roc_auc": 0.5075297094752964,
  "pr_auc_average_precision": 0.1263143877041632,
  "project_pa_accuracy": 0.9910217731939475,
  "project_pa_precision": 0.9441736973571591,
  "project_pa_recall": 0.9882441129150212,
  "project_pa_f_score": 0.9657063736656394,
  "project_mcc_score": 6.99922510643597,
  "project_affiliation_precision": 0.5309679324313278,
  "project_affiliation_recall": 0.9812707101388478,
  "project_r_auc_roc": 0.9452016066719146,
  "project_r_auc_pr": 0.9288217420538302,
  "project_vus_roc": 0.9423680845706192,
  "project_vus_pr": 0.926339356595267,
  "dataset": "SMAP",
  "model": "original",
  "threshold_protocol": "PPLAD official dataset ratio",
  "anormly_ratio": 0.8,
  "config_source": "PPLAD official scripts/SMAP.sh",
  "win_size": 90,
  "batch_size": 128,
  "num_epochs": 3,
  "wall_seconds": 96.73078039200118,
  "peak_process_tree_rss_mib": 16969.47265625,
  "peak_process_tree_gpu_mib": 0.0,
  "training_epoch_time_total_s": 26.796
}