{
  "run_root": "/mnt/c/Users/DING/Desktop/Experiment/CODE/comparison_runs/20260705_173046",
  "detection_comparison": [
    {
      "dataset": "SMAP",
      "original_raw_accuracy": 0.8658644963633387,
      "v4_raw_accuracy": 0.8600257249766137,
      "delta_raw_accuracy_v4_minus_original": -0.005838771386725061,
      "original_raw_precision": 0.1438521296544334,
      "v4_raw_precision": 0.0965420122046628,
      "delta_raw_precision_v4_minus_original": -0.047310117449770595,
      "original_raw_recall": 0.0098179025888547,
      "v4_raw_recall": 0.0112805323972502,
      "delta_raw_recall_v4_minus_original": 0.0014626298083955016,
      "original_raw_f1": 0.0183812832668709,
      "v4_raw_f1": 0.0202006973660516,
      "delta_raw_f1_v4_minus_original": 0.0018194140991807002,
      "original_raw_mcc": 0.0044774824180057,
      "v4_raw_mcc": -0.0115701279717041,
      "delta_raw_mcc_v4_minus_original": -0.0160476103897098,
      "original_pa_accuracy": 0.9910217731939476,
      "v4_pa_accuracy": 0.9772731524789524,
      "delta_pa_accuracy_v4_minus_original": -0.013748620714995163,
      "original_pa_precision": 0.9441736973571592,
      "v4_pa_precision": 0.8978523157485051,
      "delta_pa_precision_v4_minus_original": -0.046321381608654066,
      "original_pa_recall": 0.9882441129150212,
      "v4_pa_recall": 0.927892350446102,
      "delta_pa_recall_v4_minus_original": -0.06035176246891927,
      "original_pa_f1": 0.9657063736656394,
      "v4_pa_f1": 0.9126252000503496,
      "delta_pa_f1_v4_minus_original": -0.053081173615289745,
      "original_pa_mcc": 0.9608750324931424,
      "v4_pa_mcc": 0.8997279745639811,
      "delta_pa_mcc_v4_minus_original": -0.06114705792916131,
      "original_roc_auc": 0.5075297094752964,
      "v4_roc_auc": 0.4922276740365991,
      "delta_roc_auc_v4_minus_original": -0.015302035438697292,
      "original_pr_auc_average_precision": 0.1263143877041632,
      "v4_pr_auc_average_precision": 0.1395847671690189,
      "delta_pr_auc_average_precision_v4_minus_original": 0.013270379464855708,
      "original_project_r_auc_roc": 0.9452016066719146,
      "v4_project_r_auc_roc": 0.881959270871725,
      "delta_project_r_auc_roc_v4_minus_original": -0.06324233580018956,
      "original_project_r_auc_pr": 0.9288217420538302,
      "v4_project_r_auc_pr": 0.854047618854426,
      "delta_project_r_auc_pr_v4_minus_original": -0.07477412319940413,
      "original_project_vus_roc": 0.9423680845706192,
      "v4_project_vus_roc": 0.8783354882665816,
      "delta_project_vus_roc_v4_minus_original": -0.06403259630403757,
      "original_project_vus_pr": 0.926339356595267,
      "v4_project_vus_pr": 0.8509306054176113,
      "delta_project_vus_pr_v4_minus_original": -0.07540875117765566,
      "original_project_affiliation_precision": 0.5309679324313278,
      "v4_project_affiliation_precision": 0.4615775597467558,
      "delta_project_affiliation_precision_v4_minus_original": -0.06939037268457199,
      "original_project_affiliation_recall": 0.9812707101388478,
      "v4_project_affiliation_recall": 0.9303587370162204,
      "delta_project_affiliation_recall_v4_minus_original": -0.05091197312262741
    }
  ],
  "lightweight_comparison": [
    {
      "dataset": "SMAP",
      "protocol": "controlled",
      "original_trainable_params": 1281.0,
      "v4_trainable_params": 146.0,
      "delta_trainable_params_v4_minus_original": -1135.0,
      "reduction_percent_trainable_params": 88.60265417642466,
      "original_div_v4_trainable_params": 8.773972602739725,
      "original_serialized_state_dict_bytes": 7709.0,
      "v4_serialized_state_dict_bytes": 4933.0,
      "delta_serialized_state_dict_bytes_v4_minus_original": -2776.0,
      "reduction_percent_serialized_state_dict_bytes": 36.009858606823194,
      "original_div_v4_serialized_state_dict_bytes": 1.5627407257247112,
      "original_checkpoint_disk_bytes": 0.0,
      "v4_checkpoint_disk_bytes": 7397.0,
      "delta_checkpoint_disk_bytes_v4_minus_original": 7397.0,
      "original_div_v4_checkpoint_disk_bytes": 0.0,
      "original_single_batch_latency_ms_mean": 3.4489479099647724,
      "v4_single_batch_latency_ms_mean": 5.310043569897971,
      "delta_single_batch_latency_ms_mean_v4_minus_original": 1.8610956599331985,
      "reduction_percent_single_batch_latency_ms_mean": -53.961257418706786,
      "original_div_v4_single_batch_latency_ms_mean": 0.6495140509800076,
      "original_single_batch_latency_ms_p95": 4.834290948838315,
      "v4_single_batch_latency_ms_p95": 6.762726799570373,
      "delta_single_batch_latency_ms_p95_v4_minus_original": 1.9284358507320585,
      "reduction_percent_single_batch_latency_ms_p95": -39.890769321516814,
      "original_div_v4_single_batch_latency_ms_p95": 0.7148434488208855,
      "original_single_window_latency_ms_mean": 0.0269449055465997,
      "v4_single_window_latency_ms_mean": 0.0414847153898279,
      "delta_single_window_latency_ms_mean_v4_minus_original": 0.014539809843228196,
      "reduction_percent_single_window_latency_ms_mean": -53.96125741870726,
      "original_div_v4_single_window_latency_ms_mean": 0.6495140509800056,
      "original_full_test_seconds": 0.428055767000842,
      "v4_full_test_seconds": 0.4687874669998564,
      "delta_full_test_seconds_v4_minus_original": 0.04073169999901438,
      "reduction_percent_full_test_seconds": -9.515512496046865,
      "original_div_v4_full_test_seconds": 0.9131126515397502,
      "original_full_test_windows_per_second": 9989.35262561616,
      "v4_full_test_windows_per_second": 9121.404263141936,
      "delta_full_test_windows_per_second_v4_minus_original": -867.9483624742243,
      "reduction_percent_full_test_windows_per_second": 8.688734846024996,
      "original_div_v4_full_test_windows_per_second": 1.095155124960469,
      "original_full_test_points_per_second": 998935.262561616,
      "v4_full_test_points_per_second": 912140.4263141936,
      "delta_full_test_points_per_second_v4_minus_original": -86794.83624742238,
      "reduction_percent_full_test_points_per_second": 8.688734846024992,
      "original_div_v4_full_test_points_per_second": 1.0951551249604687,
      "original_full_test_cpu_peak_rss_mib": 1283.60546875,
      "v4_full_test_cpu_peak_rss_mib": 1629.3359375,
      "delta_full_test_cpu_peak_rss_mib_v4_minus_original": 345.73046875,
      "reduction_percent_full_test_cpu_peak_rss_mib": -26.934325006162453,
      "original_div_v4_full_test_cpu_peak_rss_mib": 0.7878089712545852,
      "original_full_test_gpu_peak_allocated_mib": 42.81201171875,
      "v4_full_test_gpu_peak_allocated_mib": 56.06396484375,
      "delta_full_test_gpu_peak_allocated_mib_v4_minus_original": 13.251953125,
      "reduction_percent_full_test_gpu_peak_allocated_mib": -30.953820184992985,
      "original_div_v4_full_test_gpu_peak_allocated_mib": 0.7636279709804127,
      "original_exact_threshold_seconds": 4.843308966001132,
      "v4_exact_threshold_seconds": 5.998795329000132,
      "delta_exact_threshold_seconds_v4_minus_original": 1.1554863629990004,
      "reduction_percent_exact_threshold_seconds": -23.85737459885871,
      "original_div_v4_exact_threshold_seconds": 0.8073802655988274,
      "original_exact_threshold_cpu_peak_rss_mib": 1509.17578125,
      "v4_exact_threshold_cpu_peak_rss_mib": 1854.47265625,
      "delta_exact_threshold_cpu_peak_rss_mib_v4_minus_original": 345.296875,
      "reduction_percent_exact_threshold_cpu_peak_rss_mib": -22.879831447732492,
      "original_div_v4_exact_threshold_cpu_peak_rss_mib": 0.8138031996124235,
      "original_exact_threshold_gpu_peak_allocated_mib": 42.86083984375,
      "v4_exact_threshold_gpu_peak_allocated_mib": 56.11279296875,
      "delta_exact_threshold_gpu_peak_allocated_mib_v4_minus_original": 13.251953125,
      "reduction_percent_exact_threshold_gpu_peak_allocated_mib": -30.91855683022135,
      "original_div_v4_exact_threshold_gpu_peak_allocated_mib": 0.7638336567495366
    },
    {
      "dataset": "SMAP",