{
  "threshold": 0.017822733148932457,
  "score_count": 427600,
  "ground_truth_anomaly_ratio": 0.12791393826005612,
  "score_min": 0.0046853023,
  "score_max": 0.0266977306,
  "score_mean": 0.009999999988136573,
  "score_std": 0.00231517740884287,
  "raw_accuracy": 0.8600257249766137,
  "raw_precision": 0.09654201220466281,
  "raw_recall": 0.011280532397250256,
  "raw_f1": 0.020200697366051696,
  "raw_mcc": -0.011570127971704137,
  "raw_tn": 367130,
  "raw_fp": 5774,
  "raw_fn": 54079,
  "raw_tp": 617,
  "raw_predicted_anomaly_ratio": 0.01494621141253508,
  "pa_accuracy": 0.9772731524789523,
  "pa_precision": 0.8978523157485051,
  "pa_recall": 0.9278923504461021,
  "pa_f1": 0.9126252000503497,
  "pa_mcc": 0.8997279745639811,
  "pa_tn": 367130,
  "pa_fp": 5774,
  "pa_fn": 3944,
  "pa_tp": 50752,
  "pa_predicted_anomaly_ratio": 0.1321936389148737,
  "roc_auc": 0.49222767403659917,
  "pr_auc_average_precision": 0.1395847671690189,
  "project_pa_accuracy": 0.9772731524789523,
  "project_pa_precision": 0.8978523157485051,
  "project_pa_recall": 0.9278923504461021,
  "project_pa_f_score": 0.9126252000503497,
  "project_mcc_score": 9.883763355478246,
  "project_affiliation_precision": 0.46157755974675585,
  "project_affiliation_recall": 0.9303587370162204,
  "project_r_auc_roc": 0.881959270871725,
  "project_r_auc_pr": 0.854047618854426,
  "project_vus_roc": 0.8783354882665816,
  "project_vus_pr": 0.8509306054176113,
  "dataset": "SMAP",
  "model": "v4",
  "threshold_protocol": "V4 fixed ratio from existing experiment record",
  "anormly_ratio": 2.0,
  "config_source": "V4 scripts/SMAP.sh and uploaded experiment record",
  "win_size": 100,
  "batch_size": 128,
  "num_epochs": 10,
  "wall_seconds": 171.70771855800012,
  "peak_process_tree_rss_mib": 17348.76171875,
  "peak_process_tree_gpu_mib": 0.0,
  "training_epoch_time_total_s": 101.13
}